"actual","predict"
22,7.7945
18,25.2330619047619
14,23.4274333333333
24,23.4274333333333
28,23.4274333333333
26,43.9668142857143
34,43.9668142857143
34,43.9668142857143
26,55.8508333333334
20,53.6118857142857
26,53.6118857142857
32,43.4982698412698
36,58.0232619047619
70,86.9295880952381
120,86.9295880952381
